<?xml version="1.0" encoding="UTF-8"?>
<!--
 * This file is part of FacturaScripts
 * Copyright (C) 2017-2021 Carlos Garcia Gomez <carlos@facturascripts.com>
 *
 * This program is free software: you can redistribute it and/or modify
 * it under the terms of the GNU Lesser General Public License as
 * published by the Free Software Foundation, either version 3 of the
 * License, or (at your option) any later version.
 *
 * This program is distributed in the hope that it will be useful,
 * but WITHOUT ANY WARRANTY; without even the implied warranty of
 * MERCHANTABILITY or FITNESS FOR A PARTICULAR PURPOSE. See the
 * GNU Lesser General Public License for more details.
 *
 * You should have received a copy of the GNU Lesser General Public License
 * along with this program. If not, see <http://www.gnu.org/licenses/>.
 *
 * @author Carlos García Gómez      <carlos@facturascripts.com>
 * @author Francesc Pineda Segarra  <francesc.pineda.segarra@gmail.com>
-->
<view>
    <columns>
        <group name="data" numcolumns="12">
            <column name="time" order="100">
                <widget type="text" fieldname="time" readonly="true"/>
            </column>
            <column name="channel" order="110">
                <widget type="text" fieldname="channel" readonly="true"/>
            </column>
            <column name="level" order="120">
                <widget type="text" fieldname="level" readonly="true"/>
            </column>
            <column name="url" order="130">
                <widget type="link" fieldname="uri" readonly="true"/>
            </column>
        </group>
        <group name="user" numcolumns="12">
            <column name="ip" order="100">
                <widget type="text" fieldname="ip" readonly="true"/>
            </column>
            <column name="user" order="110">
                <widget type="text" fieldname="nick" icon="fas fa-user-circle" onclick="EditUser" readonly="true"/>
            </column>
            <column name="contact" order="120">
                <widget type="text" fieldname="idcontacto" icon="fas fa-user" onclick="EditContacto" readonly="true"/>
            </column>
        </group>
        <group name="message" numcolumns="12">
            <column name="message" numcolumns="6" order="100">
                <widget type="textarea" fieldname="message" readonly="true"/>
            </column>
            <column name="context" numcolumns="6" order="110">
                <widget type="textarea" fieldname="context" readonly="true"/>
            </column>
        </group>
    </columns>
</view>