<?xml version="1.0" encoding="UTF-8"?>
<!--
 * This file is part of FacturaScripts
 * Copyright (C) 2017-2019 Carlos Garcia Gomez <carlos@facturascripts.com>
 *
 * This program is free software: you can redistribute it and/or modify
 * it under the terms of the GNU Lesser General Public License as
 * published by the Free Software Foundation, either version 3 of the
 * License, or (at your option) any later version.
 *
 * This program is distributed in the hope that it will be useful,
 * but WITHOUT ANY WARRANTY; without even the implied warranty of
 * MERCHANTABILITY or FITNESS FOR A PARTICULAR PURPOSE. See the
 * GNU Lesser General Public License for more details.
 *
 * You should have received a copy of the GNU Lesser General Public License
 * along with this program. If not, see <http://www.gnu.org/licenses/>.
 *
 * @author Artex Trading sa     <jcuello@artextrading.com>
 * @author Carlos García Gómez  <carlos@facturascripts.com>
-->
<view>
    <columns>
        <group name="data">
            <column name="code" title="alfa-code-3" numcolumns="3" order="100"
                    titleurl="https://es.wikipedia.org/wiki/ISO_3166-1"
                    description="desc-alfa-code-3">
                <widget type="text" fieldname="codpais" icon="fas fa-hashtag" maxlength="20" readonly="dinamic" required="true" />
            </column>
            <column name="codeiso" title="alfa-code-2" numcolumns="3" order="110"
                    titleurl="https://es.wikipedia.org/wiki/ISO_3166-1#C.C3.B3digos_ISO_3166-1"
                    description="desc-alfa-code-2">
                <widget type="text" fieldname="codiso" maxlength="2" icon="fas fa-globe-americas" />
            </column>
            <column name="name" order="120">
                <widget type="text" fieldname="nombre" required="true" />
            </column>
        </group>
    </columns>
</view>
