<?xml version="1.0" encoding="UTF-8"?>
<!--
 * This file is part of FacturaScripts
 * Copyright (C) 2019-2020 Carlos Garcia Gomez <carlos@facturascripts.com>
 *
 * This program is free software: you can redistribute it and/or modify
 * it under the terms of the GNU Lesser General Public License as
 * published by the Free Software Foundation, either version 3 of the
 * License, or (at your option) any later version.
 *
 * This program is distributed in the hope that it will be useful,
 * but WITHOUT ANY WARRANTY; without even the implied warranty of
 * MERCHANTABILITY or FITNESS FOR A PARTICULAR PURPOSE. See the
 * GNU Lesser General Public License for more details.
 *
 * You should have received a copy of the GNU Lesser General Public License
 * along with this program. If not, see <http://www.gnu.org/licenses/>.
 *
 * @author Artex Trading sa     <jcuello@artextrading.com>
 * @author Carlos García Gómez  <carlos@facturascripts.com>
-->
<view>
    <columns>
        <group name="data" numcolumns="12">
            <column name="company" titleurl="ListEmpresa" order="100">
                <widget type="select" fieldname="idempresa" icon="fas fa-building" onclick="EditEmpresa" required="true">
                    <values source="empresas" fieldcode="idempresa" fieldtitle="nombrecorto" />
                </widget>
            </column>
            <column name="serie" titleurl="ListSerie" order="110">
                <widget type="select" fieldname="codserie" onclick="EditSerie" required="true">
                    <values source="series" fieldcode="codserie" fieldtitle="descripcion" />
                </widget>
            </column>
            <column name="agent" titleurl="ListAgente" order="120">
                <widget type="select" fieldname="codagente" onclick="EditAgente" required="true">
                    <values source="agentes" fieldcode="codagente" fieldtitle="nombre" />
                </widget>
            </column>
            <column name="date" order="130">
                <widget type="date" fieldname="fecha" icon="fas fa-calendar" required="true"/>
            </column>
            <column name="invoice" title="generated-invoice" order="140">
                <widget type="autocomplete" fieldname="idfactura" onclick="EditFacturaProveedor" readonly="true">
                    <values source="facturasprov" fieldcode="idfactura" fieldtitle="codigo" />
                </widget>
            </column>
            <column name="amount" order="150">
                <widget type="money" fieldname="total" readonly="true"/>
            </column>
            <column name="observations" numcolumns="12" order="160">
                <widget type="textarea" fieldname="observaciones" />
            </column>
        </group>
    </columns>
</view>
