<?xml version="1.0" encoding="UTF-8"?>
<!--
 * This file is part of FacturaScripts
 * Copyright (C) 2017-2020 Carlos Garcia Gomez <carlos@facturascripts.com>
 *
 * This program is free software: you can redistribute it and/or modify
 * it under the terms of the GNU Lesser General Public License as
 * published by the Free Software Foundation, either version 3 of the
 * License, or (at your option) any later version.
 *
 * This program is distributed in the hope that it will be useful,
 * but WITHOUT ANY WARRANTY; without even the implied warranty of
 * MERCHANTABILITY or FITNESS FOR A PARTICULAR PURPOSE. See the
 * GNU Lesser General Public License for more details.
 *
 * You should have received a copy of the GNU Lesser General Public License
 * along with this program. If not, see <http://www.gnu.org/licenses/>.
 *
 * @author Francesc Pineda Segarra  <francesc.pineda.segarra@gmail.com>
 * @author Carlos García Gómez      <carlos@facturascripts.com>
-->
<view>
    <columns>
        <group name="data" numcolumns="12">
            <column name="id" display="none" order="100">
                <widget type="text" fieldname="idprovincia" required="true" />
            </column>
            <column name="country" titleurl="ListPais" numcolumns="2" order="110">
                <widget type="select" fieldname="codpais" icon="fas fa-globe-americas" onclick="EditPais" required="true">
                    <values source="paises" fieldcode="codpais" fieldtitle="nombre" />
                </widget>
            </column>
            <column name="province" order="120">
                <widget type="text" fieldname="provincia" required="true" />
            </column>
            <column name="iso" numcolumns="2" order="130" titleurl="https://es.wikipedia.org/wiki/Provincia_de_España#Denominaci.C3.B3n_y_lista_de_las_provincias">
                <widget type="text" fieldname="codisoprov" maxlength="10" required="true" />
            </column>
            <column name="code" numcolumns="2" description="optional" order="140">
                <widget type="text" maxlength="2" fieldname="codeid" icon="fas fa-hashtag"/>
            </column>
        </group>
    </columns>
</view>