<?xml version="1.0" encoding="UTF-8"?>
<!--
 * This file is part of FacturaScripts
 * Copyright (C) 2017-2021 Carlos Garcia Gomez <carlos@facturascripts.com>
 *
 * This program is free software: you can redistribute it and/or modify
 * it under the terms of the GNU Lesser General Public License as
 * published by the Free Software Foundation, either version 3 of the
 * License, or (at your option) any later version.
 *
 * This program is distributed in the hope that it will be useful,
 * but WITHOUT ANY WARRANTY; without even the implied warranty of
 * MERCHANTABILITY or FITNESS FOR A PARTICULAR PURPOSE. See the
 * GNU Lesser General Public License for more details.
 *
 * You should have received a copy of the GNU Lesser General Public License
 * along with this program. If not, see <http://www.gnu.org/licenses/>.
 *
 * @author Carlos García Gómez          <carlos@facturascripts.com>
 * @author Fco. Antonio Moreno Pérez    <famphuelva@gmail.com>
 * @author Artex Trading sa             <jcuello@artextrading.com>
-->
<view>
    <columns>
        <column name="code" order="100">
            <widget type="text" fieldname="codbalance" onclick="EditBalance" />
        </column>
        <column name="nature" order="110">
            <widget type="text" fieldname="naturaleza" />
        </column>
        <column name="level1" order="120">
            <widget type="text" fieldname="nivel1" />
        </column>
        <column name="description" order="130">
            <widget type="text" fieldname="descripcion1" />
        </column>
        <column name="level2" order="140">
            <widget type="text" fieldname="nivel2" />
        </column>
        <column name="description2" order="150">
            <widget type="text" fieldname="descripcion2" />
        </column>
        <column name="level3" order="160">
            <widget type="text" fieldname="nivel3" />
        </column>
        <column name="description3" order="170">
            <widget type="text" fieldname="descripcion3" />
        </column>
        <column name="level4" order="180">
            <widget type="text" fieldname="nivel4" />
        </column>
    </columns>
    <rows>
        <row type="status">
            <option color="success" title="asset" fieldname="naturaleza">A</option>
            <option color="info" title="liabilities" fieldname="naturaleza">P</option>
            <option color="danger" title="profit-and-loss" fieldname="naturaleza">PG</option>
            <option color="warning" title="income-and-expenses" fieldname="naturaleza">IG</option>
        </row>
    </rows>
</view>