<?xml version="1.0" encoding="UTF-8"?>
<!--
 * This file is part of FacturaScripts
 * Copyright (C) 2017-2020 Carlos Garcia Gomez <carlos@facturascripts.com>
 *
 * This program is free software: you can redistribute it and/or modify
 * it under the terms of the GNU Lesser General Public License as
 * published by the Free Software Foundation, either version 3 of the
 * License, or (at your option) any later version.
 *
 * This program is distributed in the hope that it will be useful,
 * but WITHOUT ANY WARRANTY; without even the implied warranty of
 * MERCHANTABILITY or FITNESS FOR A PARTICULAR PURPOSE. See the
 * GNU Lesser General Public License for more details.
 *
 * You should have received a copy of the GNU Lesser General Public License
 * along with this program. If not, see <http://www.gnu.org/licenses/>.
 *
 * @author Carlos García Gómez <carlos@facturascripts.com>
-->
<view>
    <columns>
        <column name="code" display="none" order="90">
            <widget type="text" fieldname="idlinea" />
        </column>
        <column name="product" display="none" order="100">
            <widget type="text" fieldname="idproducto" />
        </column>
        <column name="reference" order="110">
            <widget type="autocomplete" fieldname="referencia">
                <values source="Variante" fieldcode="referencia" />
            </widget>
        </column>
        <column name="description" order="120">
            <widget type="text" fieldname="descripcion" />
        </column>
        <column name="quantity" display="right" order="130">
            <widget type="number" fieldname="cantidad" />
        </column>
        <column name="quantity-served" display="none" order="135">
            <widget type="number" fieldname="servido" />
        </column>
        <column name="price" display="right" order="140">
            <widget type="money" fieldname="pvpunitario" />
        </column>
        <column name="percentage-discount" display="right" order="150">
            <widget type="number" fieldname="dtopor" />
        </column>
        <column name="dto-2" display="none" order="160">
            <widget type="number" fieldname="dtopor2" />
        </column>
        <column name="net" display="right" order="170">
            <widget type="money" fieldname="pvptotal" readonly="true" />
        </column>
        <column name="percentage-vat" display="right" order="180">
            <widget type="number" fieldname="iva" />
        </column>
        <column name="re" display="none" order="190">
            <widget type="number" fieldname="recargo" />
        </column>
        <column name="irpf" display="right" order="200">
            <widget type="number" fieldname="irpf" />
        </column>
        <column name="supplied" display="none" order="210">
            <widget type="checkbox" fieldname="suplido" />
        </column>
    </columns>
    <rows>
        <row type="business">
            <column name="observations" numcolumns="12" order="100">
                <widget type="textarea" fieldname="observaciones" />
            </column>
        </row>
    </rows>
</view>
