<?xml version="1.0" encoding="UTF-8"?>
<!--
 * This file is part of FacturaScripts
 * Copyright (C) 2017-2021 Carlos Garcia Gomez <carlos@facturascripts.com>
 *
 * This program is free software: you can redistribute it and/or modify
 * it under the terms of the GNU Lesser General Public License as
 * published by the Free Software Foundation, either version 3 of the
 * License, or (at your option) any later version.
 *
 * This program is distributed in the hope that it will be useful,
 * but WITHOUT ANY WARRANTY; without even the implied warranty of
 * MERCHANTABILITY or FITNESS FOR A PARTICULAR PURPOSE. See the
 * GNU Lesser General Public License for more details.
 *
 * You should have received a copy of the GNU Lesser General Public License
 * along with this program. If not, see <http://www.gnu.org/licenses/>.
 *
 * @author Artex Trading sa     <jcuello@artextrading.com>
 * @author Carlos García Gómez  <carlos@facturascripts.com>
-->
<view>
    <columns>
        <group name="data" numcolumns="12">
            <column name="code" description="optional" numcolumns="2" order="100">
                <widget type="text" fieldname="codfamilia" icon="fas fa-hashtag" maxlength="8" readonly="dinamic"/>
            </column>
            <column name="description" order="110">
                <widget type="text" fieldname="descripcion" maxlength="100" required="true" decimal="0"/>
            </column>
            <column name="parent" description="desc-parent-family" numcolumns="4" order="120">
                <widget type="select" fieldname="madre" onclick="EditFamilia">
                    <values source="familias" fieldcode="codfamilia" fieldtitle="descripcion"/>
                </widget>
            </column>
        </group>
        <group name="advanced" numcolumns="12">
            <column name="codsubcuentacom" title="subaccount-purchases" titleurl="ListCuenta" description="optional"
                    numcolumns="2" order="100">
                <widget type="autocomplete" fieldname="codsubcuentacom">
                    <values source="subcuentas" fieldcode="codsubcuenta"/>
                </widget>
            </column>
            <column name="codsubcuentaven" title="subaccount-sales" titleurl="ListCuenta" description="optional"
                    numcolumns="2" order="110">
                <widget type="autocomplete" fieldname="codsubcuentaven">
                    <values source="subcuentas" fieldcode="codsubcuenta"/>
                </widget>
            </column>
            <column name="codsubcuentairpcomf" title="subaccount-irpf" titleurl="ListCuenta" description="optional"
                    numcolumns="2" order="120">
                <widget type="autocomplete" fieldname="codsubcuentairpfcom">
                    <values source="subcuentas" fieldcode="codsubcuenta"/>
                </widget>
            </column>
        </group>
    </columns>
</view>