<?xml version="1.0" encoding="UTF-8"?>
<!--
 * This file is part of FacturaScripts
 * Copyright (C) 2017-2021 Carlos Garcia Gomez <carlos@facturascripts.com>
 *
 * This program is free software: you can redistribute it and/or modify
 * it under the terms of the GNU Lesser General Public License as
 * published by the Free Software Foundation, either version 3 of the
 * License, or (at your option) any later version.
 *
 * This program is distributed in the hope that it will be useful,
 * but WITHOUT ANY WARRANTY; without even the implied warranty of
 * MERCHANTABILITY or FITNESS FOR A PARTICULAR PURPOSE. See the
 * GNU Lesser General Public License for more details.
 *
 * You should have received a copy of the GNU Lesser General Public License
 * along with this program. If not, see <http://www.gnu.org/licenses/>.
 *
 * @author Carlos García Gómez      <carlos@facturascripts.com>
 * @author Fco.Antonio Moreno Pérez <famphuelva@gmail.com>
-->
<view>
    <columns>
        <group name="data" numcolumns="12">
            <column name="user" order="100">
                <widget type="select" fieldname="nick" readonly="true">
                    <values source="users" fieldcode="nick" />
                </widget>
            </column>
            <column name="date" order="110">
                <widget type="date" fieldname="fecha" required="true" />
            </column>
            <column name="hour" order="120">
                <widget type="time" fieldname="hora" required="true" />
            </column>
            <column name="number" order="130">
                <widget type="text" fieldname="numero" icon="fas fa-hashtag" readonly="true" />
            </column>
            <column name="number2" order="140">
                <widget type="text" fieldname="numero2" icon="fas fa-hashtag" />
            </column>
            <column name="expiration" order="150">
                <widget type="date" fieldname="finoferta" />
            </column>
            <column name="email-sent" order="160">
                <widget type="date" fieldname="femail" />
            </column>
        </group>
        <group name="billingaddr" title="billing-address" icon="fas fa-file-invoice" numcolumns="12">
            <column name="billingaddr" title="billing-address" numcolumns="2" order="100">
                <widget type="select" fieldname="idcontactofact" onclick="EditContacto" required="true" />
            </column>
            <column name="customer" title="name-or-business-name" numcolumns="3" order="110">
                <widget type="text" fieldname="nombrecliente" maxlength="100" required="true" />
            </column>
            <column name="fiscal-number" numcolumns="2" order="120">
                <widget type="text" fieldname="cifnif" maxlength="30" icon="fas fa-id-card" />
            </column>
            <column name="address" numcolumns="5" order="120">
                <widget type="text" fieldname="direccion" maxlength="100" icon="fas fa-map-marked" />
            </column>
            <column name="post-office-box" numcolumns="2" order="130">
                <widget type="text" fieldname="apartado" maxlength="10" />
            </column>
            <column name="zip-code" numcolumns="2" order="140">
                <widget type="text" fieldname="codpostal" maxlength="10" />
            </column>
            <column name="city" numcolumns="3" order="150">
                <widget type="text" fieldname="ciudad" />
            </column>
            <column name="province" numcolumns="3" order="160">
                <widget type="text" fieldname="provincia" />
            </column>
            <column name="country" titleurl="ListPais" numcolumns="2" order="170">
                <widget type="select" fieldname="codpais" onclick="EditPais" required="true">
                    <values source="paises" fieldcode="codpais" fieldtitle="nombre" />
                </widget>
            </column>
        </group>
        <group name="shipaddresses" title="shipping-address" icon="fas fa-truck" numcolumns="6">
            <column name="shippingaddr" title="shipping-address" order="100">
                <widget type="select" fieldname="idcontactoenv" onclick="EditContacto" />
            </column>
            <column name="carrier" titleurl="ListAgenciaTransporte" order="110">
                <widget type="select" fieldname="codtrans" onclick="EditAgenciaTransporte">
                    <values source="agenciastrans" fieldcode="codtrans" fieldtitle="nombre" />
                </widget>
            </column>
            <column name="tracking-code" order="120">
                <widget type="text" fieldname="codigoenv" maxlength="200" />
            </column>
        </group>
        <group name="payment-method" title="payment-method" icon="fas fa-dollar-sign" numcolumns="6">
            <column name="payment" title="method-payment" order="100">
                <widget type="select" fieldname="codpago" onclick="EditFormaPago" required="true">
                    <values source="formaspago" fieldcode="codpago" fieldtitle="descripcion" />
                </widget>
            </column>
            <column name="currency" order="110">
                <widget type="select" fieldname="coddivisa" onclick="EditDivisa" required="true">
                    <values source="divisas" fieldcode="coddivisa" fieldtitle="descripcion" />
                </widget>
            </column>
            <column name="conversion-rate" order="120">
                <widget type="number" fieldname="tasaconv" icon="fas fa-exchange-alt" />
            </column>
        </group>
        <group name="commission" title="commission" icon="fas fa-user-tie" numcolumns="4">
            <column name="agent" titleurl="ListAgente" numcolumns="6" order="100">
                <widget type="select" fieldname="codagente" onclick="EditAgente">
                    <values source="agentes" fieldcode="codagente" fieldtitle="nombre" />
                </widget>
            </column>
            <column name="commission" numcolumns="6" order="110">
                <widget type="money" fieldname="totalcomision" icon="fas fa-coins" readonly="true" />
            </column>
        </group>
        <group name="attributes" title="attributes" icon="fas fa-database" numcolumns="8">
            <column name="company" order="100">
                <widget type="select" fieldname="idempresa" onclick="EditEmpresa" required="true" readonly="dinamic">
                    <values source="empresas" fieldcode="idempresa" fieldtitle="nombrecorto" />
                </widget>
            </column>
            <column name="warehouse" order="110">
                <widget type="select" fieldname="codalmacen" onclick="EditAlmacen" required="true">
                    <values source="almacenes" fieldcode="codalmacen" fieldtitle="nombre" />
                </widget>
            </column>
            <column name="serie" order="120">
                <widget type="select" fieldname="codserie" onclick="EditSerie" required="true">
                    <values source="series" fieldcode="codserie" fieldtitle="descripcion" />
                </widget>
            </column>
        </group>
        <group name="notes" numcolumns="12">
            <column name="observations" order="100">
                <widget type="textarea" fieldname="observaciones" />
            </column>
        </group>
    </columns>
</view>