<?xml version="1.0" encoding="UTF-8"?>
<!--
 * This file is part of FacturaScripts
 * Copyright (C) 2019-2021 Carlos Garcia Gomez <carlos@facturascripts.com>
 *
 * This program is free software: you can redistribute it and/or modify
 * it under the terms of the GNU Lesser General Public License as
 * published by the Free Software Foundation, either version 3 of the
 * License, or (at your option) any later version.
 *
 * This program is distributed in the hope that it will be useful,
 * but WITHOUT ANY WARRANTY; without even the implied warranty of
 * MERCHANTABILITY or FITNESS FOR A PARTICULAR PURPOSE. See the
 * GNU Lesser General Public License for more details.
 *
 * You should have received a copy of the GNU Lesser General Public License
 * along with this program. If not, see <http://www.gnu.org/licenses/>.
 *
 * @author Carlos García Gómez <carlos@facturascripts.com>
-->
<view>
    <columns>
        <column name="id" display="none" order="100">
            <widget type="text" fieldname="idpartida" />
        </column>
        <column name="accounting-entry" order="110">
            <widget type="autocomplete" fieldname="idasiento">
                <values source="asientos" fieldcode="idasiento" fieldtitle="numero" />
            </widget>
        </column>
        <column name="subaccount" display="none" order="120">
            <widget type="text" fieldname="codsubcuenta" />
        </column>
        <column name="concept" order="130">
            <widget type="text" fieldname="concepto" />
        </column>
        <column name="debit" display="right" order="140">
            <widget type="money" fieldname="debe">
                <option color="danger">lt:0</option>
            </widget>
        </column>
        <column name="credit" display="right" order="150">
            <widget type="money" fieldname="haber">
                <option color="danger">lt:0</option>
            </widget>
        </column>
        <column name="date" display="right" order="160">
            <widget type="date" fieldname="fecha" />
        </column>
    </columns>
    <rows>
        <row type="status">
            <option color="info" title="checked" fieldname="punteada">1</option>
            <option color="warning" title="unchecked" fieldname="punteada">0</option>
        </row>
    </rows>
</view>